Initializing system...,2022-05-11 15:41:08.272,
Loading Rolex watches...,2022-05-11 15:41:08.273,
Adding Rolex watch: Submariner Date,2022-05-11 15:41:08.273,
Adding Rolex watch: DaytonaNew2025,2022-05-11 15:41:08.274,
Adding Rolex watch: Oyster Perpetual,2022-05-11 15:41:08.274,
Removing Rolex watch: Oyster Perpetual,2022-05-11 15:41:08.274,
Uploading Rolex watches...,2022-05-11 15:41:08.274,
Loading Smartwatches...,2022-05-11 15:41:08.276,
Adding Smartwatch: Gen 6,2022-05-11 15:41:08.277,
Adding Smartwatch: Galaxy Watch Classic4,2022-05-11 15:41:08.277,
Adding Smartwatch: Series 7,2022-05-11 15:41:08.277,
Uploading Smartwatches...,2022-05-11 15:41:08.277,
Uploading Users...,2022-05-11 15:41:08.28,
Loading watches...,2022-05-11 15:41:08.283,
Adding watch: SkyDiver Neptunian,2022-05-11 15:41:08.283,
Adding watch: Townsman,2022-05-11 15:41:08.284,
Adding watch: Superocean,2022-05-11 15:41:08.284,
Removing watch: Townsman,2022-05-11 15:41:08.284,
Uploading Watches...,2022-05-11 15:41:08.285,
System is closing...,2022-05-11 15:41:08.286,
